X,group,X2.HBA,X3.HBA,X4.HBA,X2.HBA.G,X3.HBA.G,X4.HBA.G,X2.HBA.S,X3.HBA.S,X4.HBA.S,X2.6.DHBA,X3.4.DHBA,X3.5.DHBA,X3.4.DHBA.3G,X3.4.DHBA.4G,X3.5.DHBA.G,XDHBA.G1,XDHBA.G2,X3.4.DHBA.3S,X3.4.DHBA.4S,X3.5.DHBA.S,XDHBA.S,XHA,X4.HHA,X3.HHA,XVA,XVA.G,XVA.S,XiVA,XiVA.G,XiVA.S,XSYR,XSYR.G,XSYR.S,XGA,XGA.3G,XGA.4G,XGA.3S,XGA.4S,X4.MeGA,X3.MeGA,XMeGA.G1,XMeGA.G2,XMeGA.G3,XMeGA.S1,XMeGA.S2,XMeGA.S3,XEtGA,XEtGA.G,XEtGA.S,XPAA,X2.HPAA,X3.HPAA,X4.HPAA,X2.HPAA.G,X3.HPAA.G,X4.HPAA.G,X2.HPAA.S,X3.HPAA.S,X4.HPAA.S,X3.4.DHPAA,X3.4.DHPAA.G,X3.4.DHPAA.S,XHVA,XHVA.G,XHVA.S,XoCOU,XmCOU,XpCOU,XoCOU.G,XmCOU.G,XpCOU.G,XoCOU.S,XmCOU.S,XpCOU.S,XCA,XCA.3G,XCA.4G,XCA.3S,XCA.4S,XFA,XiFA,XFA.G,XiFA.G,XFA.S,XiFA.S,XSIN,XSIN.G,XSIN.S,X3.HPPA,X4.HPPA,XHPPA.G,XHPPA.S,X3.5.DHPPA,X3.5.DHPPA.G,X3.5.DHPPA.S,XDHCA,XDHCA.3G,XDHCA.4G,XDHCA.3S,XDHCA.4S,XDHFA,XDHiFA,XDHFA.G,XDHiFA.G,XDHFA.S,XDHiFA.S,X3.HPHPA,XPYR,XPYR.G,XPYR.S1,XPYR.S2,X1.MePYR,X2.MePYR,XMePYR.G1,XMePYR.G2,XMePYR.S1,XMePYR.S2,XMePYR.S3,XCAT,XCAT.G,XCAT.S,X4.MeCAT,XMeCAT.G,XMeCAT.S,X3.Hbald,X4.Hbald,X3.4.DHbald,XTHbald,XVANILLIN,XVANILLIN.G,XVANILLIN.S,XCATECHIN,XEC,XEC.G1,XEC.G2,XEC.G3,XEC.G4,XEC.S1,XEC.S2,XEC.S3,XEC.S4,XEC.S5,X4.MeEC,X3.MeEC,XMeEC.G1,XMeEC.G2,XMeEC.G3,XMeEC.G4,XMeEC.G5,XMeEC.S1,XMeEC.S2,XMeEC.S3,XMeEC.S4,XMeEC.S5,XMeEC.S6,XDHPVA,XDHPVA.G1,XDHPVA.G2,XDHPVA.S1,XDHPVA.S2,XDHPV,XDHPV.3G,XDHPV.4G,XDHPV.3S,XDHPV.4S,XTHPV,XTHPV.G1,XTHPV.G2,XTHPV.S1,XTHPV.S2,XMHPV,XMHPV.G,XMHPV.S,XNAR.7G,XNAR.G,XNAR.S1,XNAR.S2,XHES.3.G,XHES.7G,XHES.7S,XHES.S,XUMB.G,XUMB.S,X4.MeUMB.G,X4.MeUMB.S,XD,XD.4G,XD.7G,XD.diG,XD.7G.4S,XD.4G.7S,XD.4S,XD.7S,XG,XG.4G,XG.7G,XG.diG,XG.4G.7S,XG.7G.4S,XG.4S,XG.7S,XEQ,XEQ.7G,XEQ.4S,XAPI.7G,XLUT.3G,XLUT.7G,XQ.3G,XQ.3.G,XQ.3.S,XiR.G,XiR.S,XK.3G,XK.3S,XPHLORETIN,XPHLORETIN.G,XURO.A,XURO.A.G,XURO.A.S,XURO.B,XURO.B.G,XURO.B.S,XURO.C,XURO.C.G,XURO.C.S,XTYR,XTYR.G,XTYR.S,XHTYR,XHTYR.3G,XHTYR.4G,XHTYR.3S,XHTYR.4S,XHvalc,XHvalc.G,XHvalc.S,XtRSV,XcRSV,XtRSV.3G,XtRSV.4G,XcRSV.3G,XcRSV.4G,XtRSV.3S,XtRSV.4S,XcRSV.3S,XcRSV.4S,XDHRSV,XDHRSV.G1,XDHRSV.G2,XDHRSV.S1,XDHRSV.S2,XPICEID,XPICEID.G1,XPICEID.G2,XPICEID.S1,XPICEID.S2,XEL,XEL.G,XEL.S,XED,XED.G,XED.S,X2.HPA,X2.HPA.G,XHPYR.G,XCYA.3G,XDEL.3G,XMAL.3G,XPEL.3G,XPEO.3G,XPET.3G,XSFN,XSFN.CYS,XSFN.NAC.CYS,XSFN.CYSGLY,XSFN.GSH,XVIT.B12,XPHIP.G,XSA.CYS,XNAC.SA.CYS,X2.FG,XTHEO,XCARNO,XANS,X1.MeHis,X3.MeHis,XL.CAR,XTRIGO,XN.MePYR,XPRO.B,X4.HPB,X2.APh,X2.APh.G,XFOLIN
X101_M00,1,27.96,NA,68.26,118.5,49.92,113.62,50.08,6642,6650,1.21,66.34,1000.8,21.12,31.02,131.62,24.24,26.24,2108,1056.6,3294,70.38,113580,6150,16222,4.74,41957923051.86,4690267609.26,2696,189805630.9,2696304316,58.1,1035256929.44,326400142.72,5.2,0,8.15,216697901.05,1328623651.62,51.02,14.77,205962917.84,281476974.68,859397616.89,456350362.16,103912211,2186850120.62,0.42,52638768.64,0,43.04,946.4,2666,10044,209.8,46.34,207.8,39002832685.4,2318944651.56,7402459922.44,723.6,3363054817.12,114468852384.81,5834,1100.6,3146,105,75.34,29.52,162.94,19.49,55.86,89.1,40.54,21.84,25.5,52.32,25.98,253229573.07,364435798.75,32.54,1.63,782.2,476.8,355.6,52.1,77.74,400175452.19,1456032.22,157.84,20.24,251.6,158647171917.28,2252,2184,38380,125.56,214.2,1978.2,4996,100100,442.2,118.06,374.4,317.6,0,0,15376,9.03,8427300741.19,10514559015.69,7807976538.58,0,0,1169447449.36,7995305911.53,514593276.22,11518392769.85,2654163854.65,4.56,32246543219.55,69925757415.03,0,4018912558.12,16619786831.13,0,51.5,0,0,64.28,2207595654.2,1527334770.19,0,0,1233.8,40.74,60.48,3436,228.6,0,1629,62.74,3754,0,0,1442775549.05,1117551657.93,949862496.38,379380866.03,317184970.11,4456107223.05,3431744418,18838470637.04,7224725081.54,2199928792.98,985400902.96,47.52,18615124939107.7,14335909775619,2114399.93,111603827.47,0.75,787.8,117.24,178.08,86.94,2.84,78696599300030.4,30180862647982.9,55471800.65,73532656.76,16.81,9190072699927.48,102795163.21,152.44,97.62,21964912.35,115321637.5,159.98,35.06,2.67,60.48,255.2,32.32,0.98,0,0.54,168.34,149.04,122.12,87.7,0,0,0,0.05,0,0,195.34,0,42.36,0,0.2,0,45.78,0.04,0,84.38,0,15.16,0,0,0,0,22.06,25432748.61,0,170251947.05,4.8,11296260334.62,587868295.71,0.47,35.2,34971304.88,4.87,50771194.98,50771194.98,113.52,0,13.05,0,82.84,28.46,344,17.09,145.18,4984433102.15,1994229041.72,0,0,146.8,0,19.23,6.02,3.73,0,4.21,0.07,0.07,21038782.92,0,3699183.1,54339259.98,0,0,4341940.03,127342.64,266890.93,1.25,8884,7.41,0.05,102237288.2,43562775.31,0,17909077022.3,0.66,0.04,0,0,0,0,0,0.03,1.43,20.28,0,0,0,1.12,0,15.12,100.56,1655.8,100.16,53.08,7348,9332,16286,47740,67.94,234200,4224,0,0,12.46
X102_M00,1,40.18,NA,106.11,1025.36,216.04,794.64,153.32,7282.14,45892.86,3.47,281.39,1463.57,183.71,178.93,349.57,192.29,16.21,19607.14,27621.43,11128.57,1046.07,500714.29,47607.14,102428.57,812.14,624120764229.95,110123156844.61,7610.71,788427060.18,1813361316.39,233.07,17861091117.38,2636226016.14,7.91,0,163.79,1774206416.18,4660656716.13,253.82,31.39,561860592.98,2357384660.05,5661124646.79,3378333734.21,494452974.58,8595724187.36,0.53,400287723.62,0,100.39,2439.29,34560.71,28592.86,1290.36,107392.86,762.5,84431715632.66,19516878995.54,13878669509.85,3327.14,2679149002.85,247402369412.28,27139.29,4460.71,36928.57,50.11,225.18,36,1162.14,97.18,426.43,213.14,406.79,577.86,20.09,358.93,134.18,2094219012.5,855475265.98,75.86,0,4789.29,1906.43,4117.86,611.07,80.86,2423103949.96,384519179.26,707.14,3578.57,3329.64,53471613646.43,5089.29,23528.57,232678.57,256,995.71,11167.86,43785.71,877500,1031.07,113.57,4467.86,1234.64,1565.36,0,58392.86,162.46,12804346239.73,58885299146.24,6258666081,0,0,6465951909.6,42002871917.66,382310893.2,139917588724.13,5154987331.3,13.34,14787562098.65,255424544347.44,0,9278291703.42,44942483899.12,0,53.43,0,0,115.61,12312338630.01,54156121355.09,0,0,1757.14,289.96,9.62,17803.57,225.18,7660.71,12267.86,339.11,11185.71,0,0,9104234043.17,3195926146.29,3175778463.78,1362738883.65,843432366.89,16997455879.18,6787002586.66,92843246334.14,16338568324.66,10113693596.23,4415468150.9,211.36,71005868799887,28352302758634.9,9176141.48,1834155880.67,10.02,11775,4357.14,4278.57,7367.86,15.81,387847182249820,68253404926286.3,7312146.78,23649728.75,186.61,42249358120450.7,651477032.95,786.43,791.79,47149122.93,167293233.21,125.71,12.99,1.66,30.09,521.43,29.75,1.94,0,0.4,95.04,163.89,55.11,109.25,0,1.43,0,0,0,0,68.96,11.69,65.43,0,0,0,51.5,0,0,154.64,0,198.96,0,0,0,0,135.96,159670008.48,0,74274663.98,5.75,12852757278.01,687349522.44,0.37,282.18,44003355.05,7.23,226657120.36,226657120.36,267.93,0,2.54,8.66,124.82,52.57,401.79,8.27,1302.14,106314793384.79,9767867945.03,0,0,975,0,107.68,10.48,3.36,0,12.22,0.13,0,185542328.24,0,0,61646186.61,0,0,9289410.71,301194.5,1522104.78,0.7,6792.86,15.17,0.39,2038135593.34,623328351.13,0,32071607202.99,4.41,0.08,0,0,0,0,0,0,4.11,53.07,0,0,0,1.95,0,13.46,189.68,1239.64,4707.14,2662.14,21303.57,93142.86,76535.71,150000,0,151142.86,427.14,0,0,23.7
X103_M00,2,14.89,NA,NA,774.11,237.82,767.87,131.59,12094.71,52801.43,2.06,429.44,1019.89,464.27,376.87,386.4,219.16,113.52,38672.86,32446.43,8618.43,1482.19,397242.86,47150,161788.57,0,324955840845.43,75422126532.32,3827.86,1146146959.2,812194989.77,214.29,7630734365.26,2390431130.04,23.22,0,103.24,116566585.44,10311442970.97,470.84,32.21,927367575.41,2164323299.59,3207646695.58,3282551059.54,582551500.03,11735457748.03,30.71,3609999585.3,2857598033.18,0,2196.83,20026.43,30383,1482.51,328.24,892.73,78093538467.15,732186564.05,3657896837.02,4642.71,11972323833.86,227523438174.9,28437.86,7875.86,52341.43,13.58,157.81,22.1,1265.99,80.34,565.47,179.66,640.71,692.96,32.43,338.76,258.98,1416564759.99,874613676.05,81.19,0,3660.29,3686.57,3040.93,1694.44,41.79,2480391859.73,15277933.97,1110.57,439.63,3995.43,17963169322.3,9607.43,10898.71,259965.71,550.03,2777.74,9620.57,65024.29,1303114.29,719.24,75.31,3001.5,1598.5,948.91,0,104847.14,322.82,12363969054.11,50240141897.68,4982363164.96,0,0,13274851290.57,33669113388.49,3585928120.74,50921192443.23,10637896951.48,13.79,7409999099.37,137729808674.8,0,2872352620.81,21236394284.3,0,141.09,0,0.17,181.14,14987645189.19,38510312666.89,0,0,1788.09,279.12,904.56,23828,1170.04,1991.14,8155.14,705.44,23532.29,0,0,1995154489.43,1487966803.7,2824402880.14,1538013647.06,634621784.71,14378677343.12,8291477860.36,88001574708.53,17579119968.12,11674197350.08,3035545660.71,571.39,60066076017416.5,34637159425169.5,9497748.97,1916525303.68,29.67,7954.71,4669,4908.86,8349,12.46,367621384773786,73435736203451.7,28129223.22,141036465.54,170,48768270456237.1,396691810.71,2142.94,5812.43,75946115.4,288412698.53,4784,398.56,11.71,728.44,513.23,0,1.23,0.01,0.8,146.48,132.22,70.05,93.02,0,4.66,0,0.24,0,0,149.89,11.19,69.92,0,0.32,0,129.29,0.49,0,196.78,0,114.28,0,0,0,0,112.27,104527986.75,0,0,19.78,16752558303.75,1542212822.82,0.36,236.97,112950798.33,8.72,163045563.44,163045563.44,279.06,279.94,4.84,12.65,154.86,78.76,0,1.15,320.09,55635508192.27,6277495705.76,0,0,812.23,0,1464.77,327.09,25.01,0,199.18,0.15,0.3,83470090.27,0,23462621.01,302519393.17,0,12536769.39,232874050.93,391885.79,9127685.88,1.83,8914.14,6.48,0.76,511234866.94,136331812.43,0,80470577991.88,0,0,0,0.06,0.07,0,0,0,0.93,0.24,0,0,0,0,0,47.28,92.43,1649.1,349.27,124.56,21317.71,15308.14,26939.57,253164.29,892.4,482342.86,17946.57,0,70.68,22.06
X104_M00,2,52.28,NA,164.92,817.6,341.08,767.2,278.88,8236,73600,3.27,818.4,1930,330.76,459.2,273.8,175.12,37,27460,47480,9492,873.2,578400,79520,307040,196.28,560572818398.22,117376602108.79,12040,10701226310.19,5248714373.72,640,16691327845.98,4114690576.35,88.68,0,244.16,806493057.5,25825593307.26,2008.8,55.08,2980764381.86,4541048069.8,6061533808.87,14560728516.47,1220360352.73,30306871636.44,48.12,17480483755.29,6794549834.06,1,3918.4,14436,51120,5648,126.04,870.4,126084695342.31,2113027439.26,10834413526.12,7584,4911800195.36,208345983169.7,42360,9480,87200,26.28,485.2,52.68,1770.8,139.2,806.8,692.4,1652.4,2539.6,61.64,791.2,290.72,2972762648.09,1535564204.51,242.8,9.02,9896,9776,9904,7232,363.52,4274262040.78,10963426.3,3085.6,136.92,9820,144251371216.97,12152,12580,108200,555.2,4188,17684,142360,2854000,5560,136.28,27908,4164,2193.6,0,228720,1004.4,47621477343.4,100451896492.46,14286644214.99,0,0,9558310855.32,44900250069.9,432779112.43,173495362836.62,7605839366.44,14.19,4585268012.99,231327150448.7,0,4571661876.63,42702334170.83,0,83.36,0,1.48,222.84,12092453753.76,22646215410.1,0,0,3317.6,1004,368.88,22016,1076.4,16036,44040,2424.4,36208,0,0,9336436085.06,4961568304.22,2591636705.61,1002468099.73,312248792.2,39565690828.99,17034869635.77,133296177620.64,16647830792.55,16425928522.44,3351240346.74,345.96,165283338397730,71162162559986.3,16536174.79,1215678000.48,4.05,15952,4604,6364,3388.8,12.65,556836915296709,69545330634234.9,40969387.79,39958557.46,71.84,68618346996804,285714101.56,1862.8,1664.8,314269005.99,145380117.1,443.6,57.16,2.43,97.56,1160.4,142.16,6.55,0,0.05,93.08,24.96,68.92,273.84,0,0,0,0.13,0,0,404.4,13.84,162.92,0,0.43,0,501.6,0.05,0,198.72,0,70.68,0,0,0,0,229,180584795.46,0,0,1.62,1958459180.23,138199457.14,0.58,533.6,231048602.07,1.83,78073933.95,78073933.95,478,1044,80.48,27.07,826.8,412.4,2306.4,27.52,1434.8,118694272210.89,14783800130.41,0,0,1228.4,0,974.4,119.76,57.48,0,195.6,0.16,0,213656291.39,0,122229697.28,499183085.08,0,11948933.41,179079066.78,1292071.14,17061028.37,0.67,7528,6.98,0.2,1811525423.86,294162995.56,0,24790380518.73,1.08,0,0,0.11,0,0,0,0,1.17,3.44,0,0,0,2.75,0,51.28,512.4,1324,1767.2,327.6,30208,32616,107560,433200,3959.6,209920,611.2,0,0,30.15
X105_M00,2,7.82,NA,47.35,42.94,21.7,35.38,5.59,287.74,1185.94,0,20.94,30.14,9.72,11.85,18.24,11.72,8.72,306.26,293.27,99.18,16.51,24698.57,8076.86,4732.71,2.53,73374734880.93,3794843984.98,1816.71,34834157.14,557002927.45,33.87,2242461368.44,639815541.39,2.73,0,4.84,1656472.65,1526967692.93,16.57,9.69,22741703.44,117535169.58,429905334.24,99573358.55,81799481.03,632547413.04,0.21,72543807.05,0,0,274.24,274.5,1829.57,18.39,13.13,14.94,4558464086.23,469423370.06,583130404.17,140.79,230933726.17,13699151932.7,2314.29,164.83,477.26,2.49,13.2,4.3,33.75,4.02,26.41,4.48,4.89,77.82,3.7,38.64,38.65,101606448.73,70439133.55,12.58,21.24,332.87,132.04,509.79,12.34,19.79,318809820.7,297365.9,44.79,0,159.81,19586551047.64,500.66,451.03,7985.57,9.25,69.53,381.6,1784.57,35717.14,307.03,5.06,243,83.82,645.43,66.11,5171.14,1.07,1640025384.09,16113220309.58,2951300603.55,0,0,427718633.75,3779711811.24,259450157.65,28609996148.26,480357210.28,0,614244185.34,26517656168.22,0,720299158.99,0,0,5.07,0,0,3.69,562200713.74,17540416422.28,0,0,36.54,9.56,3.83,533.83,11.22,0,731.06,20.66,839.83,0,0,1476019223.66,1854090486.01,145335310.58,108253500.91,91480555.22,4911522925.67,1385212025.1,7653416673.55,1004034055.8,1091615416.89,163518387.36,14.41,20517597159614.7,5786641484093.47,4347100.61,41926559.83,1.41,236.7,52.23,491.66,0,1.89,31971696473616.5,4194293013217.72,3039504.65,2288896.82,1.14,4560158980416.32,42231577.14,461.19,879.3,8827067.71,36469924.86,976.5,98.79,0,103.06,189.39,12.44,1.39,0,0,0,0,3.57,0.14,0,0,0,0,0,0,10.63,4.11,21.59,0,0.49,0,4.69,0.03,104.08,20.96,0,40.47,0,0,0,0,69.85,22255639.14,0,0,0,155702.83,1430596.01,0,13.5,21073799.93,0.49,1481062.64,1481062.64,5.04,0,1.83,0,10.28,2.91,156.47,2.88,71.15,10418282306.29,785427097.69,0,0,13.22,0,17.09,1.69,8.89,0,1.45,0,0.08,4802845.4,0,256401.46,3615569.45,0.09,0,5767173.97,979886.05,50606.86,0,24.08,0.07,0,135108958.88,18875078.65,0,5684327935.97,1.39,0,0,0,0,0,0,0.16,0.97,21.38,0,0,0,0.57,54.42,95.68,111.56,508.5,85.58,175.37,3956.14,7074,1913.14,85680,69.27,73671.43,4082.14,0,0,7.41
X106_M00,1,19.5,NA,78.76,654,253.16,864,403.6,5388,35220,4.35,304.84,2957.2,278.72,223.92,552,219.48,44.96,29524,39064,13200,1664.8,545200,53000,279120,0,918414204863.51,190968237055.91,5588,869432171.03,4347662232.61,242.88,11997210799.19,3630931784.24,79.8,0,151.8,9435352078.81,23530137282.37,1399.2,45.6,3063081506.88,2017449927.04,4384577501.57,10380942918.91,1127171690.23,16808219788.6,1.6,1681718512.17,0,0,3463.2,12604,37724,3261.2,35800,767.2,105704170887,26325724083.6,11056170527.97,7208,4630347688.58,242137526308.04,26308,5172,75600,34.55,150.48,12.83,2998.4,51.16,451.6,739.6,981.2,763.2,39.08,246.64,248.08,5005447472.99,1292451364.04,120.44,0,7872,6676,16236,2235.2,90.04,3514227324.07,20715955.48,820,173.12,8072,157117487127.26,9348,13124,203600,379.36,3767.6,8516,119040,2386000,1106.4,100.4,11232,3982,750,0,115760,492.4,30045750690.68,68000315197.34,18719957791.41,0,0,21021480744.94,78269299511.2,1072354829.93,125667652228.53,12505096255.38,10.05,22929741370.48,275591765137.56,0,6789462104.53,25003340402.82,0,109.12,0,0.17,132.84,14303450913.48,4597764157.71,0,0,1052.8,656,176.8,34528,998.4,3454.8,27792,982,40040,0,0,4586418455.84,7054509563.66,4484874135.97,2030322270.8,830971026.18,22205708581.17,11487312882.97,209104185712.33,17421908478.99,22009608900.6,2941495224.71,289.36,92763037088025.6,47987571624215.7,25703786.96,1729138547.15,24.12,19884,5268,6660,9416,16.6,873520395153891,72778994485737.7,11463456.9,60649635.34,155.92,91943842245644.8,428880682.27,5352,3445.2,217777777.92,55871345.17,16224,1980.8,0,4300,3676.4,346.4,4.24,0,14.64,6128,6664,1989.6,3603.6,7.39,1162.4,0,6.7,3482.4,5372,3573.6,42.2,708.8,0,2.77,0,91.4,0.03,0,315.44,0,83.76,0,0,0,0,217.52,130175438.73,0.13,0,1.27,3054204696.22,271209410.57,0.2,464,98286554.86,0,73413296.92,73413296.92,144.64,310.8,24.02,13.38,133.48,41.16,585.6,15.34,1134.8,143540778454.67,6623142462.51,0,0,2074.8,0,176.6,52.2,20.99,0,8.96,0.49,0.26,29605681.35,0,211244593.97,259490629.53,0,5360337.88,5355177.1,547429.14,179586.76,0.75,5948,6.73,1.42,2976610169.63,745484581.46,1.15,119972107477.59,0,0,0,0,0,0,0,0,1.74,3.97,0,0,0,1.72,0,5.3,464,1169.2,2879.6,5684,32884,99160,72240,410000,2908.8,522800,15896,0,240.04,34.55
X107_M00,1,27.44,NA,29.62,260.74,251.07,987.69,113.27,14207.14,28440,1.39,216.23,912.09,219.5,273.6,245.47,106.23,40.63,14775.43,16858.29,2594.57,362.83,356142.86,33840,153745.71,0,302858017574.07,41727866591.68,14834.57,1670420539.24,3533191364.45,235.05,4598631162.23,1208711769.78,11.29,0,48.75,1813948639.79,8157923459.28,246.39,23.17,760971806.43,1009380981.83,2438171080.45,1826282433.36,341513934.26,7039072185.74,4.34,3444053304.76,759849782.48,0,2181.86,17182.29,14122.29,983.57,49885.71,1211.14,34818112121.02,17378507904.47,8349829972.19,2725.71,5603109810.08,142014994247.74,21389.14,4345.71,24320.57,49.35,674.74,30.5,1649.57,35.95,730.54,205.46,447.69,416.31,27.46,201.42,235.88,1639911063.1,274252363.82,123.89,0,5618.57,2728.29,2892.86,400.63,94.58,1624646202.9,45845471.1,3623.14,2401.97,3744,74062488073.52,2926.29,17796.86,48857.14,336.34,2111.14,8061.43,36308.57,738257.14,4106.57,1520.49,3844.29,1562.4,182.11,0,95091.43,146.6,19879294169.82,38314048729.51,3839333740.47,0,0,2932365390.65,33653320541.43,1565070305.32,51053095513.25,3530988901.31,0,73735540479.76,155185552625.17,0,8401303310.23,25530952683.03,0,87.02,0,0.32,91.41,7264219056.66,5541397252.66,0,0,2725.71,316.03,175.76,16665.43,279,16128,14173.71,266.4,11008.29,0,0,34833328301.95,23065066946.21,2973797944.43,705189041.17,462751977.49,50491981671.44,4156797186.61,64657603333.23,6794190446.83,4588069040.49,1273910717.27,43.38,210927273557401,17364774926228.5,10023015.78,639077462.11,19.89,4019.14,3407.14,1721.83,2658.86,5.66,270103322039903,28382329620277.5,3636218.46,6730154.95,42.56,19166387643494.4,212451071.48,817.97,1425.6,93157894.83,155338345.95,631.29,85.37,0,151.84,3417.43,2.68,3.79,0,0,5.94,13.26,15.7,12.37,0,0,0,0,0,0,40.37,0,40.55,0,0.05,0,25.66,0,0,149.4,0,44.59,0,0,0,0,83.75,98421052.72,0,0,54.41,94771008429.44,2785757669.34,136.03,127542.86,2028227075.05,10.74,207816247.22,207816247.22,78.48,336.6,2.92,14.65,727.2,374.66,730.54,8.69,794.31,60924091586.47,8899696823.71,0,0,1264.63,0,262.54,315.77,16.03,0,22.85,0.14,0.1,209343351.16,0,30100913.04,198572115.07,0,0,93756628.87,284821.87,1306102.85,1.84,11579.14,16.29,0.07,345617433.5,120783511.62,0,42706260560.23,0,0.1,0,0.17,0,0.56,0,0.08,1.02,15.54,0,0,0,0.73,0,8.6,302.91,1179,255.73,222.22,12288.86,38211.43,14628.86,350485.71,1641.6,212091.43,2977.71,0,168.66,10.34
X108_M00,2,46.29,NA,235.13,253.23,84.34,203.97,100.47,3219.43,11496.86,0,112.73,455.14,71.56,64.18,205.69,84.99,23.64,6873.43,5636.57,1903.37,193.53,92365.71,35460,71588.57,0,246878485090.64,39719220210.84,5176.29,897859256.96,487184846.13,123.51,3264743864.77,2054017121.71,5.31,0,85.06,4351626.92,2598466009.15,81.9,21.58,186328785.29,282521739.74,2661214530.19,692013917.86,174170785.12,2561905121.08,0.5,235070339.16,0,14.12,913.89,9030.86,16444.29,437.66,241.84,105.3,28212921423.2,1417434555.32,429167688.12,1089,723735015.11,67321352677.21,12417.43,1341.26,7881.43,8.3,196.43,14.45,526.37,19.44,116.51,64.49,147.86,437.91,8.78,88.41,68.58,1689938856.32,590227905.79,35.36,3.52,1987.2,1170.26,3402,335.57,176.63,784485738.09,7091941.37,216.85,26,1855.03,170755929213.21,3808.29,5947.71,44562.86,27.75,355.63,4538.57,8249.14,165265.71,402.17,48.24,1403.49,278.74,11.47,0,75908.57,34.82,4707966186.61,18196750437.2,5541397252.66,0,0,2247928138.02,13463514939.1,990227426.6,30499709519.84,3283872537.35,0,3063567419.91,85059126346.75,0,3234130057.95,83561451413.67,0,31.68,0,0,23.19,3675843556.45,9162246649.7,0,0,198.05,143.92,101.96,8053.71,41.12,16.01,1476.77,243.46,9354.86,0,0,1065127389.26,748889364.54,1639940771.35,681797581.77,626492193.28,5984726351.87,4491862242.32,30437840466.4,6847270059.61,5042563224.95,1730727134.8,73.44,25000841135563.1,18764489421950.5,3996934.59,332070904.97,15.72,2385.77,581.14,3273.43,0,3.84,127152282204538,28604066570094.9,4291342.6,49929889.72,10.71,21065010276305.4,90749163.28,2508.94,2874.86,24646616.63,134436090.31,2291.14,239.45,0,419.91,788.4,45.15,8.08,0,0,4.27,0,12.25,2.24,0,0,0,0,0,0,56.57,8.28,41.22,0,0.03,0,46.13,0,0,91.26,0,60.2,0,0,0,0,87.15,112330827.16,0,0,0.34,842527014.43,41276386.55,0.33,71.82,25679543.46,1.25,29143147.58,29143147.58,178.28,353.57,6.22,2.42,150.63,79.79,397.03,11.23,483.69,40933830016.14,1995813021.36,0,0,214.28,0,32.43,5.97,2.82,0,2.3,0.1,0,107502734.47,0,1481567.94,38540536.84,0,0,7943551.08,57940.57,247133.95,0.24,4759.71,5.34,0,178866828.17,37275802.37,0,26962017049.27,0.56,0.06,0,0,0,0.27,0,0,0.76,0.91,0,0,0,4.19,0,57.42,156.27,2415.86,770.4,338.4,14261.14,23276.57,66188.57,30934.29,32.09,264600,6384.86,0,0,16.32
X109_M00,1,16.9,NA,147.69,410.4,75.41,501.81,126.94,2260.29,19409.14,2.03,144.53,1225.41,157.29,171.45,230.62,106.65,19.24,5874.43,11903.14,3010.11,318.21,241380,18336.86,20415.86,0,264273687488.14,62301074753.45,4104,1420590026.9,2892715084.37,154.48,7895082165.71,676596676.03,13.84,0,51.11,5911631306.09,5697551889.19,489.09,0,1563272233.71,361461645.71,4998797369.84,5821770810.11,563544243.22,9950728452.83,15.37,3965581389.43,1726510853.39,0,2131.46,5396.14,23933.57,1607.27,90102.86,325.93,99006581438.15,32391230649.12,3657632841.65,2214,2568091993.86,128302265360.5,14441.14,2219.01,18699.43,18.8,24.68,7.75,271.5,33.02,128.25,229.89,105.76,19.15,6.65,169.95,96.2,2868093387.31,568365760.85,51.26,0,3623.79,1578.34,1665.13,202.73,84.05,1945975785.06,58022236.67,111.63,29.75,918.39,86927107228.05,2391.04,8813.57,69351.43,123.16,1004.01,7128,11305.29,226530,626.79,182.56,5619.86,1974.09,21.4,0,15382.29,116.49,39229406803.26,71359805635.46,21480622974.42,0,0,4719993057.66,38671798178.92,210973944.26,111004142099.39,2475128073.61,6.04,28188756041.2,175558336641.49,0,10164877271.87,0,0,218.66,0,0,67.62,7498196027.2,13115667980.53,0,0,271.2,225.53,0,11158.71,349.03,692.74,2102.14,356.4,7884,0,0,3552237912.14,1183716651.3,1674937298.65,860316125.45,424310202.03,9589163812.73,4939887354.2,33504846847.82,6070980727.87,6021218590.89,1055454941.13,100.17,40058165905926.5,20636087885831.9,5346908.55,684697383.76,8.86,11081.57,2593.93,2512.16,57.2,11.92,139964520358002,25361163700845.8,328026050.96,30992233.83,26.97,25153285310392.1,144617814.02,204.78,181.44,52432330.96,73105263.29,509.53,43.47,1.38,57.12,639.9,45.75,2.75,0,0,40.89,39.19,33.8,27.79,0,4.27,0,0,0,0,130.83,12.65,70.74,0,0.25,0,29.25,0,0,118.38,0,16.67,0,0,0,0,43.2,47684210.66,0,0,9.91,18534531861.61,1601651291.61,0.12,86.98,71970718.78,4.61,231084017.24,231084017.24,847.8,280.76,59.09,14.14,130.41,80.38,1150.97,34.91,288.59,48064176356.12,4495670654.23,0,0,410.4,0,151.59,54.62,9.37,0,25.19,0.1,0.06,41055854.04,0,20444154.62,143776343.81,0,0,122902135.3,542150.09,2526326.65,0.42,3493.03,2.81,0,116564164.78,50773678.38,0.14,59008112713.91,0,0,0,0,0,0,0,0.42,12.6,125.28,0,0,0,1.88,0,24.03,329.82,1214.23,2243.7,1148.27,30070.29,75870,119070,219664.29,1400.91,440485.71,8948.57,0,57.97,30.4
X110_M00,2,72.81,NA,58.8,258.43,16.07,145.56,13.68,2183.57,6773.57,1.29,99.02,2194.29,48.81,61.93,414.64,27.47,17.56,3205.71,3964.29,8515.71,39.88,106842.86,10759.29,6270,0,90383620186.16,24069251314.47,6250.71,257848463.11,327910053.58,148.71,5433950742.38,3515865321.06,12.57,0,27.43,3073170230.55,3513662857.92,276.64,19.92,409095246.84,784296605.51,1827717188.19,2715637047.99,304674067.48,9859693309.67,4.4,4349711750.6,928338212.41,0,648.43,2477.14,5055,30.71,74721.43,24.69,14702715508.96,33195665484.28,1167618503.47,331.71,1140563584.01,59568908918.03,4410,567.43,1937.57,18.8,13.71,17.67,46.67,15.05,131.12,33.99,18.8,358.71,6.39,36.86,49.33,592078933.91,895497499.78,38.06,0.56,1678.5,835.29,1882.93,174.64,73.97,860918502,22770985.05,44.25,0,201.17,51862600779.12,4069.29,7290,37200,25.26,127.74,2385,5089.29,104507.14,426.64,254.57,680.36,139.99,4.97,0,6422.14,27.6,5647154039.93,30603225287.23,5131739109.15,0,0,1151480062.39,8985516784.38,47646619.41,30951948617.24,4056202943.98,5.43,42932219604.5,68166234086.8,0,2421770820.67,161367132495.99,0,12.26,0,0,22.41,2059142989.8,6453216991.29,0,0,108.71,14.25,29.76,3672.86,289.5,12.28,1972.07,111.54,5682.86,0,0,1937199678.22,2512919706.03,693583975.12,371422531.74,169996075.82,6972228312.97,2479260255.84,29691408409.88,5697764693.52,3165424833.6,741179393.47,116.83,29126072298847.4,10356963400766.9,6040570.32,331761486.85,5.97,3936.43,766.07,523.71,1337.14,3.75,124034106340458,23802075743337.2,77657751.49,2403570.39,23.87,13223375429134.8,112723691.22,632.36,523.29,20012531.4,187969924.89,170.72,57.71,0,23.04,114.54,12.68,2.18,0,2.07,699,932.14,343.71,360.21,0,29.46,0,1.38,326.79,655.29,1512.43,9.19,120.54,0,0.72,0,3.62,0,0,75.94,0,35.19,0,0,0,0,80.89,23577694.31,0,406448253.8,2.38,10899020121.16,210277601.88,0.02,5.27,4764226.45,4.06,184955751.72,184955751.72,111.51,0,1.1,3.3,55.71,24.45,161.16,6.13,253.93,22689676451.97,1134807518.51,0,0,137.19,0,504.64,57.13,24.6,0,40.59,0.06,0.39,0,0,0,280599986.28,0.1,6661096.45,129572439.79,909143.97,5022997.2,1.65,17168.57,18.57,0.1,1482021791.84,207736784.12,0.57,37593025913.86,0.81,0,0,0.34,0,0.03,0,0.01,0.92,5.82,0,0,0,0.81,0,24.99,85.82,622.5,567.86,107.59,9694.29,27085.71,77271.43,66814.29,48.66,21685.71,0,0,33.11,13.34
X111_M00,2,25.21,NA,60.72,1288.8,1133.6,644.8,106.68,33932,30884,8.2,386.24,1669.6,719.2,1161.2,1648.4,268.88,37.31,43480,37920,18336,788.8,452800,56600,147880,153.92,455465414959.27,62758452931.56,4988,2584145506.74,2127579390.63,934.8,26797285632.94,7859367345.31,136.36,0,323.52,3131413144.79,57173985288.92,2929.2,48.28,6592173127.2,9412044889.37,9092300684.73,31876004262.41,2083040691.64,59812046690.66,87,37961120522.48,18281422909.05,27.1,3341.2,11320,34556,4388,1949.6,998.8,134426982554.59,2369631969.97,13495497548.27,4152,6618673462.29,219328234689.66,25732,7260,53080,7.26,46.12,20.79,772.4,189.12,1333.2,340.28,579.6,938.4,28.91,894.8,470,3069260702.56,918287939.92,92.32,0,18204,5604,5324,2638.8,116.04,4449712098.18,77883270.66,367,86.64,5808,53979013983.18,5308,52240,88640,392.16,3686,10360,72760,1458400,294.12,4248,7440,1727.6,3044.4,0,98520,1328,56499481323.2,75441703982.5,20419280460.58,0,0,5340408581.39,67282344394.44,1047002032.05,123817583193.55,9682027950.14,6.28,54220453481.64,217417372148.64,0,36532476203.89,18007338607.57,0,171.68,0,0.71,259.2,12163885969.69,15746143120.37,0,0,5620,632.8,742.4,48480,700.4,6452,61520,1512,73800,0,0,16819688323.97,5957266774.01,4561032375.87,1600169249.15,1100063473.82,17860552501.3,11626646866.53,183404806522.64,24151223833.08,20476935081.46,2463115214.5,124.56,74611404001589.4,48569631117486.2,17555256.79,1181020960.77,0.24,15012,4852,10124,1322.4,9.95,766162755283996,100890312234803,11731636.37,20148346.02,52.84,85541187819669.1,372769284.64,2941.6,3466,356725146.34,318830409.49,2542.8,381.76,0,405.6,1087.6,126.72,5.92,0,18.29,4444,4280,1237.2,3268,4.74,898.4,0,4.85,2026.8,2466,3090.4,47.92,1119.2,0,2.99,0,135.64,0.07,0,261.48,0,67.24,0,0,0,0,229.56,102959064.47,0,589905225.91,1.11,2122077288.95,182128440.27,2.35,2180.8,471848182.28,0,95625694.71,95625694.71,649.6,596.8,20.29,12.52,412.8,290.68,1603.2,15.36,313.72,94861600265.72,19588535170.4,0,0,431.6,0,2728.4,355.84,142.88,0,627.6,0.31,0.66,45930948.1,0,18025949.09,757904853.46,0,23154706.61,375532750.93,6669870.28,89418548.8,12.13,41640,27.77,2.76,2803050847.59,1343612334.76,3.23,344915556973.32,0,0,0,0.58,0,0.05,0,0.28,28.84,386.68,0,0,0,1.47,0,56.76,474,664,1566.8,304.64,33064,45920,83880,244000,1153.2,786800,30496,0,888.8,35.53
X112_M00,1,23.13,NA,106.17,355.63,76.01,263.31,105.51,4934.57,9483.43,0,154.85,738.26,141.58,132.53,86.91,108.85,23.44,8917.71,12852,3000.86,271.8,223380,17367.43,39214.29,18.26,1297588069398.86,168928922599.34,2261.31,1452187830.57,2476009058.74,222.71,9162275079.92,2331527476.96,95.4,0,104.27,19685615517.73,10219428955.4,1397.06,50.76,2495025293.13,1055301692.07,4135050658.85,9937513673.88,1673871984.29,17698993768.26,41.14,11692287544.12,3126616669.38,54.03,1467,3893.14,9447.43,265.37,116100,204.58,29312655126.23,27730939368.17,3033092711.62,2446.2,2499025884.49,123889753586.71,10350,2188.8,12060,42.12,108.44,23.01,482.91,27.51,197.31,409.11,168.84,275.4,26.79,266.14,139.58,1368760423.86,277554198.17,48.93,0.99,3204,3209.14,4312.29,1126.8,187.79,731210781.45,9173097.56,916.71,0,1272.09,172426309082.43,2110.37,7526.57,27668.57,307.8,1126.8,1016.23,22551.43,452057.14,907.46,953.74,1335.6,854.23,208.57,0,21754.29,90.39,17825982411.93,78407687673.36,14752098091.11,0,0,4681725780.76,14388489245.37,1322358867.64,74531352552.44,2805938036.65,0,21254728776.54,129548881711.83,0,4502416340.78,29834565652.5,0,118.62,0,0.08,98.07,5632940492.88,1988824212.86,0,0,280.54,264.86,100.23,10231.71,484.97,347.66,9182.57,412.71,21227.14,0,0,2672791567.69,2005500322.87,1460968907.59,363202278.2,245700993.78,10821606066.83,4498497193.91,41567971772.1,9119740981.94,5075737982.94,1156803821.57,285.43,45206620687668,18792206540677.7,7243379.74,399837795.12,19.59,4170.86,634.63,2224.03,465.94,27.41,173647748869361,38097179734149.6,531393088.72,24467574.83,50.48,21203595869941.2,105191070,100.67,181.34,81578947.46,55142857.23,427.89,78.09,0,122.79,453.34,63.62,3.57,0,14.41,1872.77,2226.6,1017.77,2266.2,7.57,597.09,0,5.01,764.49,1141.46,2130.43,24.99,411.94,0,2.68,10.27,6081.43,15.29,0,109.34,0,54.28,0,0,0,0,192.24,63939849.71,0,312870834.57,4.17,4333754970.7,272732263.08,5.95,4867.71,199847832.83,1.92,46471792.73,46471792.73,783.77,0,3.41,6.12,76.68,47.03,312.94,4.2,1423.03,297178827722.04,2404479496.19,0,0,422.23,0,255.24,116.77,18.63,0,32.09,0.3,0,25844453.05,0,88016750.2,108986064.41,0,0,53369840.71,449907.34,2597377.65,3.3,17349.43,22.65,0.62,885617.52,366881686.57,0,12899346213.29,0.55,0,0,0.19,0,0.01,0,0,0.5,0,0,0,0,0.66,0,15.5,438.43,869.14,1312.71,273.6,21625.71,45385.71,51222.86,153951.43,1363.37,230734.29,4358.57,0,0,17.19
X113_M00,1,30.86,NA,79.87,184.29,41.84,284.66,74.08,4253.14,15521.14,1,187.07,816.94,127.59,95.66,227.11,54.31,67.45,12972.86,8123.14,2887.71,279.26,178945.71,16724.57,24310.29,9.25,138461874913.73,27843538976.75,3890.57,77146829.94,2855713703.54,227.49,3358771985.74,780552935.97,6.41,0,40.45,1911738003.07,1953144310.04,125.85,22.58,306356775.05,333471861.1,2862390975.05,1175234330.1,685847021.08,4389509032.07,0.35,757691755.7,0,52.66,1302.43,6847.71,10764,207.05,72617.14,500.66,43548096948.77,31546064930.53,7433385219.67,1375.97,3263616910.98,171816419903.9,8004.86,2249.23,8269.71,18.38,40.17,10.49,142.41,27.87,141.97,40.11,62.67,141.61,11.62,104.3,67.63,830061146.48,626448028.08,48.88,0,2381.91,1306.29,1405.8,614.83,77.07,1258680847.62,10285715.68,116.92,4.12,681.17,138803178811.51,2007.77,5641.71,35948.57,144.33,536.14,2993.14,20262.86,406028.57,757.8,119.08,2084.4,1213.97,117.03,0,21756.86,11.27,11405829780.24,23927559519.37,7770289947.18,0,0,3778618479.37,36474164170.47,1027228807.3,18989637166.48,2721803944.82,5.66,33084778414.64,99815629363.88,0,1816054791.72,12430701944.83,0,62.38,0,0,68.5,5335549226.56,7475159886.84,0,0,204.22,120.06,102.39,8285.14,79.17,739.03,4798.29,454.11,21299.14,0,0,1845930677.36,470005143.2,1554172086.9,703194420.6,343981389.08,12317787652.19,5035928273.35,82406098857.96,12951425529.8,9278979820.29,1502816547.4,57.83,51456830960644.2,21037293157578.2,11191364.71,111052707.08,2.16,578.06,104.55,511.46,103.5,11.37,344246614635075,54103815799088.7,3836468.96,14481573.21,13.74,38762390583601.6,64265703.47,1350,1250.23,81278195.58,88045112.87,954,122.58,2.73,299.83,376.2,41.63,1.91,0,1.82,566.49,614.83,410.4,357.43,0,220.29,0,0.58,272.83,240.48,1343.06,13.33,94.63,0,0.82,0,27.82,0.19,0,172.16,0,42.02,0,0,0,0,37.98,37105263.25,0,70424495.49,2,10879541774.89,270501107.05,0,160.71,69006468.62,2.71,117507550.84,117507550.84,56.34,0,13.17,8.21,65.26,27.69,723.34,33.84,343.8,26643954470.24,2872884591.92,0,0,373.37,0,56.37,13.37,17.3,0,21.93,0.08,0.4,430961980.6,0,10571153.99,95430768.19,0,0,26452687.81,1260383.07,1602663.57,0.33,6608.57,8.69,0,37133172,25381529.24,0,34877872814.5,0,0,0,0,0,0.06,0,0,0.87,3.3,0,0,0,0.87,0,29.98,135.08,1422.26,3360.86,2643.43,13896,45102.86,44845.71,74185.71,188.54,322971.43,11818.29,0,14.12,24.17
X114_M00,2,59.67,NA,69.13,1103.01,128.11,471.17,92.62,2051.27,23253,1.73,616.4,1641.87,311.72,337.11,795.47,254.54,92.16,35124.29,24902.43,8720.29,826.03,396257.14,41892.86,113915.71,244.75,491205819585.84,78292670154.06,3946.14,6856763876,942776581.98,595.37,6362205115.71,1178048588.62,10.64,0,76.29,769418261.29,3002813769.34,160.67,33.12,958102865.6,3774852505.4,6043675744.68,606754122.72,534483965.66,6388366687.92,0.47,93630917.32,0,0,2754.09,16767,26939.57,850.01,78725.71,850.34,46545587852.58,26195988693.45,5263485415.18,2718.93,5077548052.82,169753476367.64,25244.14,6124.57,33810,45.61,213.24,36.24,580.59,75.37,886.49,735.34,183.21,313.26,39.07,742.9,637.76,4357087272.49,674146749.98,146.71,8.55,20263,8533,10892.14,4126.86,351.9,2809414045.63,29085604.9,1245.61,26.75,2929.54,15983709307.02,5142.14,27524.43,98111.43,446.53,4169.57,10948,65911.43,1321185.71,1906.7,198.82,4912.14,15074.86,2690.01,0,88320,91.08,15926468598.54,57579727942.29,10395870724.55,0,0,9298822387.25,43141171000.76,959099281,52654775650.09,6393995204.83,0,2447087969.31,144821739975.57,0,3154558467.07,15332080050.56,0,78.04,0,0.47,163.43,12081763207.84,6996246513.7,0,0,851,925.26,65.35,5812.43,1153.61,1250.21,3896.86,601.61,8510,0,0,1973838241.34,579940974.37,1146906834.12,313487873.14,223797442.28,6074482505.56,818550305.92,25094861390.78,2452683593.25,1970285751.23,983023383.86,97.45,25375792170472.2,3419445594756.96,15889556.24,447866937.8,0.12,1189.1,948.26,1262.04,2073.61,16.94,104832302441651,10245940961269,0,44362922.48,14.63,8230752445810.95,72865095.91,3197.99,3108.29,98667502.2,210785296.69,7254.86,1004.11,0,1614.93,718.26,0,8.83,0,0,38.57,17.56,14.73,14.91,0,0,0,0,0,0,54.97,11.31,79.58,0,0.3,0,106.1,0,0,348.29,0,84.8,0,0,0,0,124.96,101261487.16,0,0,6.27,5217186512.29,236219217.62,0.17,295.16,132567854.04,0,61579906.42,61579906.42,92.3,131.82,1.22,22.8,271.14,156.14,441.27,2.69,1399.06,106448277964.88,5729288260.38,0,0,2262.54,0,164.35,75.11,89.8,0,23.12,0.18,0.2,16956854.41,0,424253449.6,321782110.27,0,5947620.91,43564974.9,556250.45,994714.1,4.04,11237.14,9.77,0.73,83507264.03,43676840.75,0,63174991968.3,5.16,0,0,0,0.09,0.1,0,0,1.2,14.38,0,0,0,0.76,0,242.22,1415.16,542.14,777.07,301.33,12755.14,12863.57,43732.86,296798.57,2303.94,718257.14,26532.14,0,57.83,31.21
X115_M00,1,60.9,NA,233.53,1464.09,741.57,2109.96,83.73,19570.86,82691.43,4.45,888.23,13033.43,349.37,507.09,1787.64,446.6,322.27,17391.71,40417.71,24426.29,2252.47,686885.71,96735.71,359144.29,310.34,801134168712.1,79271542659.43,11707.71,1411673152.32,224401627.88,450.33,20764664923.04,3874157130,148.31,0,255.61,1395945608.38,27996977242.11,2247.09,62.23,4812441899.03,13479064831.68,7873944065.08,13980746557.1,1060265754.51,42999666694.32,5.19,1657579770.49,1986401503.57,1.66,4847.14,22682.14,45654.29,3666.84,50501.43,2343.61,47980597024.27,21611502105.86,5500214787.61,5510,7856513260.13,78626056983.37,43500,13095.57,82277.14,173.79,378.16,16.09,2489.86,38.6,1169.11,1381.23,365.77,537.33,27.26,979.79,659.54,1558649251.84,1673262926.1,193.39,10.87,21385.43,16447.14,11811.29,5307,277.32,7183586624.87,99541414.15,1219.24,662.03,8086.86,69970356745.62,13530.57,71422.86,197738.57,833.96,6367.57,19691,70428.57,1411471.43,5708.86,1510.07,21095.43,22462.57,380.07,0,58952.86,955.76,40091938666.36,132000957337.72,23682107238.83,0,0,19721851757.16,80958941113.03,8757482868.92,229511341951.41,6516305324.45,0,149094098640.5,146194608664.31,0,5369078656.49,24036948521.99,0,96.53,0,3.15,242.44,20007216170.8,77000558447.17,0,0,1906.54,4279.57,604.86,78217.14,1032.4,20233.71,23390.57,2131.09,84307.14,0,0,6757230508.49,5620800476.35,6809815959.85,2406660832.76,1753724811.73,16659810566.85,10999643941.1,194498076986.7,23404976083.09,27467040894.77,4276926677.77,414.7,69595375434361.9,45950363400194.1,16250748.63,2039593119.52,36.84,41511.43,29617.29,10564.29,17777,39.27,812504237958313,97772906300386.2,635423076.05,40231887.66,333.62,114741942321130,365784823.64,10440,12146.86,161353383.6,125254803.82,3847.06,512.06,0,553.49,3163.9,5.73,16.49,0,0,58.91,33.58,23.56,14.58,0,0,0,0,0,0,35.22,0,70.72,0,0,0,208.39,0,0,201.34,0,131.25,0,0,0,0,185.64,92984127.13,0,0,17.11,13303592456.39,190515934.23,13.26,27119.14,341490825.46,10.79,653539835.34,653539835.34,476.84,505.43,1.11,39.25,220.36,184.98,0,0.01,1660.46,97842035317.24,6880463555.22,0,0,2132.33,0,560.53,383.17,75.94,0,53.24,0.15,1.18,684706467.36,0,149489256.56,479982151.46,0,10604673.44,48034580.52,357746.99,1916544.27,1.98,31166.71,9.97,0.3,143174334.28,56234266.8,0,228432451666.29,0,0,0,0,0,0.05,0,0.72,22.44,300.9,0,0,0,0.18,0,25.69,1115.26,566.74,5945,1237.47,43334.29,36598,55182.86,530700,2265.31,1837771.43,132778.57,0,183.94,24.05
X116_M00,2,18.86,NA,141.94,505.67,202.42,382.74,350.77,12088.29,18402.43,2.88,483.69,2611.67,129.52,185.22,348.88,268.19,63.72,8543.57,11779.71,6819.43,957.34,391500,48484.29,82350,146.69,126609958289.13,29079120796.68,11617.71,478231451.75,7730645610.85,380.74,6625702532.64,4619886676.31,20.54,0,78.96,164391848.92,9085160440.03,529.97,42.66,1277907820.08,1615753045.42,3483413931.91,4564384605.26,333805313.41,15382002548.39,34.54,8124685716.91,3291801404.77,71.4,2720.44,14263.71,39497.14,3988.29,112.09,997.07,99352793900.21,1834926056.07,13919777526.02,2895.17,3415854181.63,299779261277.23,35674.71,4053.86,49332.86,58.36,85.24,19.64,385.71,71.74,577.03,584.74,331.48,1812.09,35.09,471.73,155.98,2998665927.61,1018315733.06,104.88,0,7270.71,2126.83,7131.86,1083.86,245.2,2100041200.2,13632075.47,445.89,36.07,1518.94,15457749194.25,9191.57,12516.43,79650,354.43,1884.99,11540.57,76757.14,1538614.29,1508.91,174.54,5172.43,1657.41,179.97,0,66034.29,188.34,20982484584.2,112457767769.73,18071210038.52,0,0,5234961022.5,36408563174.21,1493930746.13,139019473200.57,3836250292.21,0,8154206173.49,208264914224.23,0,2902516947.37,39479151729.05,0,120.69,0,1.42,110.16,10788086910.85,3138509970.44,0,0,320.22,210.68,179.59,15201,479.06,0,13064.14,419.66,22221,0,0,4030946848.65,3519598666.47,2671522266.46,838828622.05,713711513.64,3546547518.61,8862636612.74,56529787630.87,16963912513.93,8126156985.36,2365692007.95,186.61,14815492953126.7,37023141405301.6,13061194.26,379149605.08,27.19,5268.86,1000.16,1428.3,3359.19,9.17,236149851620956,70865743371173.4,7330184.17,13270064.82,43.86,33946541226586,86790509.82,1379.31,2284.97,123609022.69,136127819.68,3864.86,326.58,0,653.4,1533.99,138.86,1.37,0,0,43.43,85.98,31.45,53.65,0,0,0,0.2,0,0,115.68,0,76.49,0,0.31,0,101.64,0.38,0,215.5,0,219.47,0,0,0,0,394.59,245300752.01,0,0,7.81,9731027648.09,305349639.32,0.15,231.35,104752775.57,5.78,131431026.93,131431026.93,190.27,1515.86,403.84,33.64,272.43,177.62,1903.5,30.36,305.22,23244150858.94,13298631638.2,0,0,254.19,0,339.85,61.02,37.31,0,47.83,0.13,0.08,0,0,22371799.29,441319420.63,0,7604048.05,139457179.63,1102093.8,3590238.23,2.09,16713,23.3,0.14,465472155.09,145067652.58,0.02,27539305996.37,1.59,0,0,0,0,0.09,0,0.09,10.84,156.21,0,0,0,2.75,0,104.84,258.81,1743.81,1478.83,1330.33,24411.86,72591.43,124161.43,336342.86,1692.13,372754.29,15690.86,0,0,30.61
X117_M00,1,16.97,NA,45.51,293.86,188.26,399.01,136.41,8206.14,24795.71,1.16,266.41,689.23,102.61,182.53,191.66,84.83,48.79,4939.71,9733.71,2445.57,366.71,278800,42305.71,182361.43,626.81,127423896783.56,19889955153.2,4169.86,654467342.31,1951553642.21,159.97,6534347025.19,1431527623.78,11.64,0,71.06,223860800.65,7534136955.27,376.67,21.46,552445616.22,2036510643.84,2147825846.99,3425515388.85,848682462.32,6793619905.03,4.36,4051956038.28,613630701.99,0,1616.46,7589.29,13267.29,2625.29,113.15,361.37,58144459605.68,1000810473.53,2392712797.87,2734.57,3154883723,100081046908.73,12363.86,4218.43,16038.29,19.63,334.66,25.62,2286.5,22.52,724.93,252.33,1219.14,540.84,12.84,141.59,124.05,1663146193.65,347937744.51,82.86,8.14,2987.14,1969.09,3213,461.91,153.46,1312729064.23,120578100.26,3407.29,183.94,8650.57,113585831108.28,5352.57,6630,47235.71,220.54,1406.63,6627.57,23464.86,470414.29,1300.26,95.37,5491,1326.73,686.8,0,211917.14,174.37,22242388494.75,51045753969.45,7683904448.58,0,0,4473260332.23,41366299092.71,857834920.24,85492277430.33,4401500220.24,7.58,3141195285.18,101009853820.31,0,4047825604.03,13487394814.27,0,35.24,0,0.74,78.39,8500433730.29,10587729735.5,0,0,53.4,290.7,55.49,10258.29,360.4,2235.01,4109.14,318.87,12526.57,0,0,1731391101.97,708825697.56,1245368556.71,562059904.29,393373432.45,6225611955.14,4120120648.03,54141205049.78,8409432551.95,4975476491.55,1702878767.92,190.18,26007126526926.9,17211560850839.1,10678588.55,652670631.58,15.31,6554.71,2537.86,2644.71,2049.23,4.68,226171688854919,35129908187988.2,86909930.19,7420871.03,83.47,20784759406749.8,233839127.86,128.16,198.24,169502924.06,91319966.67,350.93,45.95,0,63.85,288.03,14.29,4.86,0,0.22,112.9,121.31,116.47,479.89,0,0,0,0.11,0,0,474.06,7.93,106.98,0,0.28,0,728.57,1.31,0,100.71,0,46.58,0,0,0,0,188.29,110066833.83,0.01,0,11.78,18011567776.71,484656670.57,0,105.3,22677517.12,6.65,187741745.49,187741745.49,171.14,629.24,48.89,17.66,142.58,111.01,257.43,2.52,163.42,20322081535.8,4217380699.79,0,0,527.24,0,410.67,66.3,16.45,0,57.7,0.11,0.07,165439859.92,0,28055193.26,233520972.07,0,5189844.71,109353242.37,560170.26,2800851.25,0.45,4866.86,5.91,0.01,22371670.78,39932347.37,0,18099562937.56,0,0,0,0.01,0,0.02,0,5.02,24.92,520.2,1.25,0.06,0,1.6,0,32.18,526.27,695.3,581.64,131.22,18639.29,30842.86,44977.14,377642.86,1363.64,53282.86,445.64,0,0,20.93
X118_M00,2,42.25,NA,108.99,631.51,235.85,785.94,181.17,10576.71,33218.57,1.54,199.67,2053.24,292.99,319.08,554.3,139.12,35.55,21919,22471,10846.14,768.53,340400,34434.29,58190,0,416323476220.41,61519689776.05,7721.43,4051470117.09,4017072515.69,596.36,10964116291.94,2926828791.12,81.22,0,128.41,6579736262.71,11909941772.09,1456.56,0,2830440861.46,6915440339.08,4562793581.11,11977483974.96,1583864657.5,17735456769.16,28.8,14453968786.84,4024952439.36,3.09,2293.76,11312.71,27724.86,2075.59,56284.29,539.19,101140804010.97,14876198879.86,4716145386.64,3133.26,5220490042.15,157436157183.51,11845,2885.19,23285.86,25.75,104.16,13.92,260.56,13.06,427.8,780.03,229.44,460.33,21.98,432.07,279.68,3035130629.91,737176210.79,76.59,0,5503.57,4373.29,4527.71,1638.59,256.61,2338418633.2,41793776.11,531.96,30.64,1161.17,31316778712.35,4090.71,18492,45572.86,114.08,2002.64,5368.86,27823.43,557585.71,889.11,161.66,2407.44,649.91,978.16,0,35321.43,241.11,37664701112.84,82514057833.09,13936207858.03,0,0,12467351393.83,36994112963.3,959099281,98780471689.62,3106378480.4,8.17,8474557786.77,169474644021.1,0,9256910627.9,27202622203.99,0,126.27,0,0,71.5,14512645249.93,131707295586.05,0,0,748.49,394.94,0,27951.57,805.99,3162.83,13990.57,1034.01,33054.29,0,0,4627016034.56,2900863335.27,3503279042.41,1373507819.34,663352379.97,10885743935.18,8075289020.79,105720581559.49,16502414767.13,11131605752.73,3083870224.85,592.41,45474552847492,33734043306642.6,14401749.56,1808074703.22,55.3,23745.86,6916.43,5585.71,4149.86,5.62,441641490174617,68937863770004.1,17521398.87,27248062.09,155.61,46501626080326.5,250114046.03,557.26,543.13,278709273.3,110388471.29,889.77,143.26,0,126.27,330.54,25.78,20.78,0,0,4.57,3.35,18.13,9.14,0,0,0,0.05,0,0,37.03,0,52.54,0,0.18,0,61.15,0,0,179.24,0,26.92,0,0,0,0,60.29,108274853.91,0,0,3.65,6470234430.8,381208944.26,0.05,131.79,119888040.87,2.3,97501518.47,97501518.47,441.6,234.24,10.98,25.42,158.7,89.6,119.7,1.43,885.5,67642635296.08,4842788245.86,0,0,534.91,0,245.02,74.52,16.47,0,55.63,0.31,0.81,2947671.91,0,260994027.62,537303494.22,0,0,45274790.39,102945.03,1651541.17,7.77,42615.71,28.17,5.05,15793704600.6,1770413782.22,0,43588229767.12,0,0,0,0.07,0,0.02,0,0,1.04,8.99,0,0,0,1.03,0,19.86,1314.61,1559.73,2458.7,200.63,23897,21485.29,33120,287631.43,5345.86,123148.57,686.39,0,39.1,27.75
X119_M00,1,24.91,NA,124.76,414.8,232.76,513.6,233.32,3522.4,17332,1.9,322.48,737.2,196.76,250.44,192.76,191,15.26,17064,15944,2968.4,720.4,405200,65320,166360,1789.6,416007619493.51,48978864674.7,5324,1312992216.61,5757825963.72,477.2,12691123753.93,3578855766.96,73.04,0,104.72,1627375540.43,23269757195.97,1408,50.44,2402503586.24,4418592842.49,4146470115.14,13080673288.48,1979573867.83,22748997023.16,3.04,3227715756.93,0,0,2655.2,11560,23364,3779.6,1130.4,1350.8,95028155226.73,2603004814.77,20602281464.55,5016,4842193661.43,247734250640.32,23508,4884,36596,84.12,362.44,27.32,1173.2,75.68,597.6,749.6,517.2,2160.8,76.72,746,512.4,8617898834.86,594085605.29,191.4,0,6028,9324,9148,2786,277.76,5438951783.49,1420700391.28,3501.2,587.6,6780,102509835560.12,6740,7248,61880,765.2,3821.2,10652,95400,1912400,4280,154.12,21644,12384,613.2,0,147880,571.6,35443985294.49,76743604414.52,16787663465.99,0,0,11742095742.3,64663163143.7,2438665072.81,153418687753.28,3418516450.59,0,5530894490.54,220706383766.38,0,6041124604.32,40468547113.77,0,65.08,0,2.92,97.44,11939384719.63,45545958798.67,0,0,578.4,904.8,256.04,9364,1010.8,2194.8,24356,279.04,17532,0,0,3311473106.42,4871306686.57,1825541225.74,363303019.69,329736980.62,14335918769.06,8215544528.3,73072933615.87,7126675249.38,8127815723.84,1903199021.31,591.6,59887454597746.2,34319952411863.5,26859021.62,1628468098.47,36.22,29176,8436,5600,6284,7.67,305257867649785,29771265260749.4,161753297.02,14547520.85,224.96,33953470508693.1,456111213.47,2015.2,2174,137076023.53,149356725.28,3274.8,390.04,0,565.6,736.8,83.56,3.41,0,0,2.85,73.8,17.24,82.6,0,30.07,0,0,0,0,43.44,12.88,67.2,0,0,0,135.76,0.11,0,93.76,0,54.64,0,0,0,0,158.24,105099415.34,0,0,2.73,9033702851.39,396319418.96,0.05,161.72,16560135.91,0,82552773.09,82552773.09,166.8,801.2,58.24,19.44,149.88,95.84,810.8,8.64,776.4,66534767325.19,7784726757.89,0,0,202,0,177.04,55.12,51.68,0,12.85,0.22,2.53,29726099.54,0,107775108.14,458241230.2,0,5632138.95,115756298.71,1382604.54,2364247.98,1.95,17352,28.58,1.65,1756610169.63,1171806167.36,0,40342194386.79,0,0,0,2.26,0,0.68,0,0.47,22.66,322.44,0,0,0,2.19,0,47.52,844.8,1470,916,1146.8,29448,144040,25588,400800,2757.2,690800,34904,0,38.55,34.51
X120_M00,2,26.87,NA,176.74,189.23,144.86,321.74,366.6,11806.57,25920.43,1.02,177.54,1093.41,205.44,237.5,298.84,153.01,45.44,18360.86,12811.86,5376.29,716.1,395737.14,29361.43,84585.71,11.44,189654963022.99,35898191386.65,1682.86,303726686.83,2862296621.32,220.9,3309546954.63,2046773465.36,8.18,0,35.41,303526339.69,3983546132.5,89.9,36.74,84847686.69,454177754.55,1598660344.77,314450556.85,211808433.13,2254637041.85,0.9,1164065771.19,0,0,2427.74,7843,30778.57,1245.31,1462.31,439.36,72719702552.09,8389655722.9,11483165898.64,4991,2662071622.63,292749413464.69,19986.14,2138.56,27691.86,15.92,199.15,16.41,890.14,12.35,117,700.16,320.19,260,30.71,284.23,145.21,1907559757.83,695647584.4,62.71,0,3437.9,1796.23,2319.24,437.81,62.75,2349577578.03,147728184.73,1903.4,0,3495.91,420657330402.06,4231.5,9353.14,41934.14,692.63,2641.2,10163.57,70281.43,1409171.43,1310.41,223.6,6616.29,1739.54,0,0,105975.71,41.94,21439747961,49151390953.8,19261519005,0,0,7573394235.47,26215015892.55,798833380.19,59074221539.84,8997306632.74,21.91,5569890655.35,223491276043.95,0,4650990517.11,41238919775.47,0,114.74,0,0,100.88,6447364967.7,9513172443.02,0,0,46.5,127.85,170.23,13981,670.04,150.48,7161,587.23,23117.14,0,0,790715957.44,905950627.57,2119505988.37,1270391982.7,179878519.02,10044210912.15,8684414442.97,68618300836.38,14220728638.89,8015943069.47,1956278635.83,581.03,41959098308333.2,36278628809193.1,14098595.2,875664719.12,43.76,8024.57,1205.46,4694.29,2154.94,8.76,286648902111628,59406254627120.6,9249777.7,105837856.97,45.44,33486129097431,192285215.7,2810.81,3272.71,123119465.48,188796992.63,5513.57,950.81,0,2087.63,236.13,44.09,2.93,0,0,18.72,16.05,87.77,13.45,0,0,0,0,0,0,356.99,14.77,72.81,0,0,0,136.27,0.16,0,137.15,0,60.89,0,0,0,0,69.04,96858813.85,0,0,0,0,22122089.15,0.14,124.09,156300153.11,0,8404198.17,8404198.17,5.03,195.17,29.51,15.97,142.91,55.62,653.21,35.67,637.27,33221447671.38,4729118927.64,0,0,215.63,0,13.19,11.08,7.32,0,6.12,0.22,0.66,4327199.76,0,26324569.26,192890780.56,0,3885338.71,3329203.25,303679.57,146285.46,1.81,4441.86,8.43,0.02,38018159.96,32933842,0,37128838026.33,1.08,0,0,0,0,0.06,0,0,2.78,31.13,0,0,0,1.59,0,25.14,271.52,2308.17,2440.59,496,38922.71,32000.86,118242.86,420315.71,2470.7,442857.14,46278.57,0,0,29.51